store,city,address,url
4004,Acton,"Acton, 332 Queen Street",http://www.thebeerstore.ca/locations/acton
2115,Ajax,"Ajax, 1953 Ravenscroft Road",http://www.thebeerstore.ca/locations/ajax-1
2106,Ajax,"Ajax, 95 Commercial Plaza",http://www.thebeerstore.ca/locations/ajax
2113,Ajax,"Ajax, Heritage Market Square, 75 Kingston Road E.",http://www.thebeerstore.ca/locations/ajax-0
3426,Alcona,"Alcona, 945 Innisfil Beach Road",http://www.thebeerstore.ca/locations/alcona
4354,Alexandria,"Alexandria, 118 Main St. N.",http://www.thebeerstore.ca/locations/alexandria
3404,Alliston,"Alliston, 161 Young St.",http://www.thebeerstore.ca/locations/alliston
4656,Almonte,"Almonte, 113 High Street",http://www.thebeerstore.ca/locations/almonte
3263,Amherstburg,"Amherstburg, 80 Park Street",http://www.thebeerstore.ca/locations/amherstburg
4506,Amherstview,"Amherstview, 4501 Bath Road",http://www.thebeerstore.ca/locations/amherstview
4064,Ancaster,"Ancaster, 44 Wilson Street West",http://www.thebeerstore.ca/locations/ancaster
3405,Angus,"Angus, 17 King Street",http://www.thebeerstore.ca/locations/angus
4657,Arnprior,"Arnprior, 120 Madawaska Blvd.",http://www.thebeerstore.ca/locations/arnprior
3491,Atikokan,"Atikokan, 711 Mackenzie St E",http://www.thebeerstore.ca/locations/atikokan
3430,Aurora,"Bayview & St. Johns, 15820 Bayview Avenue",http://www.thebeerstore.ca/locations/bayview-st-johns
3406,Aurora,"Yonge Street, Aurora Shopping Centre, 14800 Yonge Street",http://www.thebeerstore.ca/locations/yonge-street
3115,Aylmer,"Aylmer, 371 John Street N.",http://www.thebeerstore.ca/locations/aylmer
3605,Azilda,"Azilda, 93 Notre Dame St. E.",http://www.thebeerstore.ca/locations/azilda
3407,Bala,"Bala, 3025 Hwy. #169",http://www.thebeerstore.ca/locations/bala
4704,Bancroft,"Bancroft, 1 Madawaksa St",http://www.thebeerstore.ca/locations/bancroft
3401,Barrie,"Anne/George, 30 Anne Street South",http://www.thebeerstore.ca/locations/annegeorge
3428,Barrie,"Barrie, 71 Mapleview Drive",http://www.thebeerstore.ca/locations/barrie
3403,Barrie,"Bayfield St., 531 Bayfield Street",http://www.thebeerstore.ca/locations/bayfield-st
3402,Barrie,"Blake St., Simcoe Plaza, 299 Blake Street",http://www.thebeerstore.ca/locations/blake-st
3429,Barrie,"Yonge St Barrie, 640 Yonge Street",http://www.thebeerstore.ca/locations/yonge-st-barrie
4691,Barrys Bay,"Barry's Bay, 19619 Opeongo Line",http://www.thebeerstore.ca/locations/barrys-bay
4207,Beamsville,"Beamsville, 4313 Ontario Street",http://www.thebeerstore.ca/locations/beamsville
4552,Beaverton,"Beaverton, 553 Mara Road",http://www.thebeerstore.ca/locations/beaverton
3264,Belle River,"Belle River, 399 Notre Dame Street",http://www.thebeerstore.ca/locations/belle-river
4302,Belleville,"Front St. S., 91 Front St. S.",http://www.thebeerstore.ca/locations/front-st-s
4301,Belleville,"Station St., 113 Station Street",http://www.thebeerstore.ca/locations/station-st
3054,Blenheim,"Blenheim, 100 Marlborough St N",http://www.thebeerstore.ca/locations/blenheim
3594,Blind River,"Blind River, 115 Causley Street",http://www.thebeerstore.ca/locations/blind-river
4553,Bobcaygeon,"Bobcaygeon, 25 King St. E.",http://www.thebeerstore.ca/locations/bobcaygeon
2007,Bolton,"Bolton, 150 Mcewan Drive East",http://www.thebeerstore.ca/locations/bolton
3055,Bothwell,"Bothwell, 160 Oak Street West",http://www.thebeerstore.ca/locations/bothwell
2107,Bowmanville,"Bowmanville, 195 King St. E.",http://www.thebeerstore.ca/locations/bowmanville
3408,Bracebridge,"Bracebridge, 505 Hwy #118",http://www.thebeerstore.ca/locations/bracebridge
3409,Bradford,"Bradford, 452 Holland Street West",http://www.thebeerstore.ca/locations/bradford
2004,Brampton,"Airport Road, 2890 Queen St. E",http://www.thebeerstore.ca/locations/torbram-road
2006,Brampton,"Bramalea City Centre, Bramalea City Centre, 80 Peel Centre Dr.",http://www.thebeerstore.ca/locations/bramalea-city-centre
2022,Brampton,"Brampton - Bramalea/Sandalwood, Unit D, 10585 Bramalea Road",http://www.thebeerstore.ca/locations/brampton-bramaleasandalwood
2041,Brampton,"Brampton Distribution Centre, 69 First Gulf Blvd.",http://www.thebeerstore.ca/locations/brampton-dc-first-gulf-blvd
2019,Brampton,"Fletchers Meadow, 11 Worthington Avenue",http://www.thebeerstore.ca/locations/fletchers-meadow
2005,Brampton,"Heart Lake, Heart Lake Town Centre, 180 Sandalwood Pkwy.",http://www.thebeerstore.ca/locations/heart-lake
2062,Brampton,"Hurontario/Steeles, Shoppers World Brampton, 55 Charolais Blvd",http://www.thebeerstore.ca/locations/hurontariosteeles
2014,Brampton,"Kingspoint Plaza (Main/Vodden), Kingspoint Plaza, 374 Main St. N.",http://www.thebeerstore.ca/locations/kingspoint-plaza-mainvodden
2016,Brampton,"North Park/Mckay, Mckay Plaza, 932 North Park Dr.",http://www.thebeerstore.ca/locations/north-parkmckay
2002,Brampton,"Queen St., 198 Queen St. E.",http://www.thebeerstore.ca/locations/queen-st
3004,Brantford,"Brantford Mall (King George), Brantford Mall, 300 King George Road",http://www.thebeerstore.ca/locations/brantford-mall-king-george
3011,Brantford,"Market St. S., 50 Market Street South",http://www.thebeerstore.ca/locations/market-st-s
3002,Brantford,"Murray St., 280 Murray Street",http://www.thebeerstore.ca/locations/murray-st
3003,Brantford,"St. George St., 116 St. George Street",http://www.thebeerstore.ca/locations/st-george-st
4705,Bridgenorth,"Bridgenorth, 882 Ward Street",http://www.thebeerstore.ca/locations/bridgenorth
4303,Brighton,"Brighton, 72 Main St.",http://www.thebeerstore.ca/locations/brighton
4392,Brockville,"Brockville, 125 Stewart Boulevard",http://www.thebeerstore.ca/locations/brockville
4066,Burlington,"Elizabeth St., 396 Elizabeth Street",http://www.thebeerstore.ca/locations/elizabeth-st
4077,Burlington,"Maple Mews, Maple Mews, 1235 Fairview St",http://www.thebeerstore.ca/locations/maple-mews
4076,Burlington,"Millcroft, Millcroft Shopping Centre, 2020 Appleby Line",http://www.thebeerstore.ca/locations/millcroft
4068,Burlington,"Mt. Forest Drive, 2055 Mount Forest Drive",http://www.thebeerstore.ca/locations/mt-forest-drive
4069,Burlington,"New Street, 5051 New Street",http://www.thebeerstore.ca/locations/new-street
4065,Burlington,"Supercentre (Guelph Line), Supercentre, 2025 Guelph Line",http://www.thebeerstore.ca/locations/supercentre-guelph-line
4070,Caledonia,"Caledonia, 272 Argyle St. S.",http://www.thebeerstore.ca/locations/caledonia
4158,Cambridge,"Chopin St. S. (Preston), 140 Chopin Street S.",http://www.thebeerstore.ca/locations/chopin-st-s-preston
4157,Cambridge,"S. Cambridge Mall (Hwy 97), S. Cambridge Mall, 200 Franklin Blvd.",http://www.thebeerstore.ca/locations/s-cambridge-mall-hwy-97
4162,Cambridge,"Tricity Centre, 150 Holiday Inn Drive",http://www.thebeerstore.ca/locations/tricity-centre
4161,Cambridge,"Westgate Plaza (Cedar St.), Westgate Plaza, 130 Cedar Street",http://www.thebeerstore.ca/locations/westgate-plaza-cedar-st
4706,Campbellford,"Campbellford, 80 Centre Street",http://www.thebeerstore.ca/locations/campbellford
4658,Carleton Place,"Carleton Place, 151 Town Line",http://www.thebeerstore.ca/locations/carleton-place
3591,Chapleau,"Chapleau, 59 Lisgar Street",http://www.thebeerstore.ca/locations/chapleau-0
3053,Chatham,"Richmond Street, 132 Richmond Street",http://www.thebeerstore.ca/locations/richmond-street
3052,Chatham,"St.clair Avenue, 445 St Clair St.",http://www.thebeerstore.ca/locations/stclair-avenue
3607,Chelmsford,"Chelmsford, 199 Aurore Street",http://www.thebeerstore.ca/locations/chelmsford
3203,Clinton,"Clinton, 30 Mill Street",http://www.thebeerstore.ca/locations/clinton
4554,Coboconk,"Coboconk, 6716 Hwy #35",http://www.thebeerstore.ca/locations/coboconk
2141,Cobourg,"Cobourg, 476 Division Street",http://www.thebeerstore.ca/locations/cobourg
3741,Cochrane,"Cochrane, 8 James Bay Road",http://www.thebeerstore.ca/locations/cochrane
3410,Coldwater,"Coldwater, 16 Sturgeon Bay Road",http://www.thebeerstore.ca/locations/coldwater
3441,Collingwood,"Collingwood, 415 First Street",http://www.thebeerstore.ca/locations/collingwood
3613,Coniston,"Coniston Mall, Coniston Mall, 24 Amanda Street",http://www.thebeerstore.ca/locations/coniston-mall
4352,Cornwall,"Bridge Store (2nd St. E.), East Court Mall, 1396 2nd Street East",http://www.thebeerstore.ca/locations/bridge-store-2nd-st-e
4353,Cornwall,"Brookdale Ave., 960 Brookdale Ave.",http://www.thebeerstore.ca/locations/brookdale-ave
4351,Cornwall,"Sydney St., 838 Sydney Street",http://www.thebeerstore.ca/locations/sydney-st
3154,Corunna,"Corunna, 195 St. Clair Blvd.",http://www.thebeerstore.ca/locations/corunna
4652,Deep River,"Deep River, 3322 5 Highway #17",http://www.thebeerstore.ca/locations/deep-river
3005,Delhi,"Delhi, 64 Argyle Avenue",http://www.thebeerstore.ca/locations/delhi
3119,Dorchester,"Dorchester, 4367 Hamilton Road",http://www.thebeerstore.ca/locations/dorchester
3490,Dryden,"Dryden, 79 Queen Street",http://www.thebeerstore.ca/locations/dryden-0
4071,Dundas,"Dundas, 55 Cootes Drive",http://www.thebeerstore.ca/locations/dundas
4216,Dunnville,"Dunnville, 240 Main St. E.",http://www.thebeerstore.ca/locations/dunnville
4102,Durham,"Durham, 626 Garafraxa Highway 6",http://www.thebeerstore.ca/locations/durham
2402,East York,"Donlands/O'connor, 380 Donlands Avenue",http://www.thebeerstore.ca/locations/donlandsoconnor
2407,East York,"Woodbine/Barker, 1270 Woodbine Avenue",http://www.thebeerstore.ca/locations/woodbinebarker
4653,Eganville,"Eganville, 8647 Hwy # 60",http://www.thebeerstore.ca/locations/eganville
3556,Elliot Lake,"Elliot Lake, 12 Hillside Dr. S.",http://www.thebeerstore.ca/locations/elliot-lake
4159,Elmira,"Elmira, 6 Wyatt Street East",http://www.thebeerstore.ca/locations/elmira
3411,Elmvale,"Elmvale, 58 Queen Street West",http://www.thebeerstore.ca/locations/elmvale
4168,Elora,"Elora, 2-6458 Wellington Road 7",http://www.thebeerstore.ca/locations/elora
4621,Embrun,"Embrun, 753 Notre Dame St",http://www.thebeerstore.ca/locations/embrun
4008,Erin,"Erin, Erin Town Centre, 140 Main Street",http://www.thebeerstore.ca/locations/erin
3642,Espanola,"Espanola, 124 Station Road",http://www.thebeerstore.ca/locations/espanola
3265,Essex,"Essex, 160 Talbot St. N.",http://www.thebeerstore.ca/locations/essex
2362,Etobicoke,"Albion Mall (Albion/Kipling), Albion Mall, 1530 Albion Road",http://www.thebeerstore.ca/locations/albion-mall-albionkipling
2310,Etobicoke,"Bloor/Islington, 3429 Bloor Street W.",http://www.thebeerstore.ca/locations/bloorislington
2320,Etobicoke,"Burnhamthorpe/Saturn, Burnhamthorpe Mall, 666 Burnhamthorpe Road",http://www.thebeerstore.ca/locations/burnhamthorpesaturn
2313,Etobicoke,"Cloverdale (East Mall), Cloverdale (east Mall), 10 The East Mall Cres.",http://www.thebeerstore.ca/locations/cloverdale-east-mall
2363,Etobicoke,"Eglinton/Wincott, Richview Square, 250 Wincott Drive",http://www.thebeerstore.ca/locations/eglintonwincott
2360,Etobicoke,"Kipling/Dixon, Westway Shopping Centre, 1735 Kipling Avenue",http://www.thebeerstore.ca/locations/kiplingdixon
2308,Etobicoke,"Long Branch, 3560 Lakeshore Blvd. W.",http://www.thebeerstore.ca/locations/long-branch
2307,Etobicoke,"Mimico, 2458 Lakeshore Blvd. W.",http://www.thebeerstore.ca/locations/mimico
3155,Exeter,"Exeter, 78 Main Street N.",http://www.thebeerstore.ca/locations/exeter
4555,Fenelon Falls,"Fenelon Falls, 125 Lindsay Street",http://www.thebeerstore.ca/locations/fenelon-falls
4005,Fergus,"Fergus, 720 St. David St. N.",http://www.thebeerstore.ca/locations/fergus
3156,Forest,"Forest, 89 Main St. S.",http://www.thebeerstore.ca/locations/forest
4242,Fort Erie,"Fort Erie, 194 Garrison Road",http://www.thebeerstore.ca/locations/fort-erie
3492,Fort Frances,"Fort Frances, 343 Fifth St. East",http://www.thebeerstore.ca/locations/fort-frances-0
4507,Gananoque,"Gananoque, 580 King St. E.",http://www.thebeerstore.ca/locations/gananoque
3614,Garson,"Garson, 3098 Falconbridge Highway",http://www.thebeerstore.ca/locations/garson
2008,Georgetown,"Georgetown, 236 Guelph St.",http://www.thebeerstore.ca/locations/georgetown
3691,Geraldton,"Geraldton, 101 First St. W.",http://www.thebeerstore.ca/locations/geraldton-0
3204,Goderich,"Goderich, 395 Huron Road",http://www.thebeerstore.ca/locations/goderich
3191,Grand Bend,"Grand Bend, 21 Ontario Street North",http://www.thebeerstore.ca/locations/grand-bend
3442,Gravenhurst,"Gravenhurst, 230 David Street",http://www.thebeerstore.ca/locations/gravenhurst
4072,Grimsby,"Grimsby, 44 Livingston Ave.",http://www.thebeerstore.ca/locations/grimsby
4003,Guelph,"Municipal St., 15 Municipal Street",http://www.thebeerstore.ca/locations/municipal-st
4009,Guelph,"South Guelph, 63 Clair Road East",http://www.thebeerstore.ca/locations/south-guelph
4007,Guelph,"Willow West Mall, Willow West Mall, 111 Silvercreek Parkway N.",http://www.thebeerstore.ca/locations/willow-west-mall
4040,Guelph,"Woolwich St., 710 Woolwich Street",http://www.thebeerstore.ca/locations/woolwich-st
3006,Hagersville,"Hagersville, Beckers Mall, 55 Main Street N",http://www.thebeerstore.ca/locations/hagersville
4556,Haliburton,"Haliburton, 15 Hops Drive",http://www.thebeerstore.ca/locations/haliburton
4075,Hamilton,"Barton/Mary, 150 Barton St. E.",http://www.thebeerstore.ca/locations/bartonmary
4057,Hamilton,"Barton/Ottawa, The Centre, 1111 Barton St. E.",http://www.thebeerstore.ca/locations/bartonottawa
4055,Hamilton,"Dundurn St.s., 229 Dundurn St. S.",http://www.thebeerstore.ca/locations/dundurn-sts
4060,Hamilton,"Eastgate (Queenston/Hwy. #20), Eastgate Mall, 75 Centennial Pkwy N",http://www.thebeerstore.ca/locations/eastgate-queenstonhwy-20
4059,Hamilton,"Gage/Fennel, 959 Fennell Ave. East",http://www.thebeerstore.ca/locations/gagefennel
4078,Hamilton,"Hamilton, Stone Church Centre, 1408 Upper James Street",http://www.thebeerstore.ca/locations/hamilton
4054,Hamilton,"Main St. E., 1462 Main St. E.",http://www.thebeerstore.ca/locations/main-st-e
4062,Hamilton,"Mohawk Rd. E., 499 Mohawk Road E.",http://www.thebeerstore.ca/locations/mohawk-rd-e
4056,Hamilton,"Parkdale N., 282 Parkdale N.",http://www.thebeerstore.ca/locations/parkdale-n
4058,Hamilton,"Upper James St., Mt. Plaza Mall, 673 Upper James St",http://www.thebeerstore.ca/locations/upper-james-st
4063,Hamilton,"Westcliffe Mall (Mohawk W.), Westcliffe Mall, 584 Mohawk Road W.",http://www.thebeerstore.ca/locations/westcliffe-mall-mohawk-w
3610,Hanmer,"Hanmer, 5085 Municipal Rd. #80",http://www.thebeerstore.ca/locations/hanmer
4140,Hanover,"Hanover, 576 11th Street",http://www.thebeerstore.ca/locations/hanover
3266,Harrow,"Harrow, 398 King Street W.",http://www.thebeerstore.ca/locations/harrow
4707,Hastings,"Hastings, 23 Front Street East",http://www.thebeerstore.ca/locations/hastings
4708,Havelock,"Havelock, 28 Ottawa Street",http://www.thebeerstore.ca/locations/havelock
4641,Hawkesbury,"Hawkesbury, 1036 Lansdowne Road",http://www.thebeerstore.ca/locations/hawkesbury
3742,Hearst,"Hearst, 1106 Front Street",http://www.thebeerstore.ca/locations/hearst-0
3541,Huntsville,"Huntsville, 18 Hanes Road",http://www.thebeerstore.ca/locations/huntsville
3205,Ingersoll,"Ingersoll, 62 Charles Street W.",http://www.thebeerstore.ca/locations/ingersoll
3418,Innisfil,"Stroud, 7947 Yonge Street",http://www.thebeerstore.ca/locations/stroud
3743,Iroquois Falls,"Iroquois Falls, 227 Cambridge Avenue",http://www.thebeerstore.ca/locations/iroquois-falls
4630,Kanata,"Kanata, 720 Eagleson Road",http://www.thebeerstore.ca/locations/kanata-0
4622,Kanata,"Kanata, Signature Centre, 499 Terry Fox Drive",http://www.thebeerstore.ca/locations/kanata
3744,Kapuskasing,"Kapuskasing, 25 Government Road",http://www.thebeerstore.ca/locations/kapuskasing-0
4627,Kemptville,"Kemptville, 330 Colonnade Drive",http://www.thebeerstore.ca/locations/kemptville
3493,Kenora,"Kenora, Kenora Shopper's Mall, 560 Railway Street",http://www.thebeerstore.ca/locations/kenora-0
4557,Keswick,"Keswick, Glenwoods Plaza, 443 The Queensway South",http://www.thebeerstore.ca/locations/keswick
4103,Kincardine,"Kincardine, 427 Broadway Street",http://www.thebeerstore.ca/locations/kincardine
4503,Kingston,"Bath Rd., 1675 Bath Road",http://www.thebeerstore.ca/locations/bath-rd
4501,Kingston,"Cataraqui St., 121 Cataraqui Street",http://www.thebeerstore.ca/locations/cataraqui-st
4502,Kingston,"Concession St., 290 Concession Street",http://www.thebeerstore.ca/locations/concession-st
4511,Kingston,"Dalton Ave, 88 Dalton Avenue",http://www.thebeerstore.ca/locations/dalton-ave
4510,Kingston,"Kingston Nw Walmart, 1090 Midland Avenue",http://www.thebeerstore.ca/locations/kingston-nw-walmart
4505,Kingston,"Princess St., 500 Princess Street",http://www.thebeerstore.ca/locations/princess-st
3267,Kingsville,"Kingsville, 251 Main Street W.",http://www.thebeerstore.ca/locations/kingsville
3745,Kirkland Lake,"Kirkland Lake, 25 Station Road",http://www.thebeerstore.ca/locations/kirkland-lake-0
4156,Kitchener,"Bleams Road, 250 Bleams Road",http://www.thebeerstore.ca/locations/bleams-road
4154,Kitchener,"Dow Store (King W.), 400 King Street W.",http://www.thebeerstore.ca/locations/dow-store-king-w
4151,Kitchener,"King St. E., 1255 Weber St. E.",http://www.thebeerstore.ca/locations/king-st-e-0
4166,Kitchener,"Supercentre (Highland Rd.), 875 Highland Road West",http://www.thebeerstore.ca/locations/supercentre-highland-rd
4167,Kitchener,"Victoria St., 1120 Victoria Street N",http://www.thebeerstore.ca/locations/victoria-st
4709,Lakefield,"Lakefield, 102 Queen Street",http://www.thebeerstore.ca/locations/lakefield
3259,Lasalle,"Lasalle, 1539 Front Road",http://www.thebeerstore.ca/locations/lasalle
3291,Leamington,"Leamington, 255 Erie Street South",http://www.thebeerstore.ca/locations/leamington
3611,Levack,"Levack, 3rd Avenue & Main St.",http://www.thebeerstore.ca/locations/levack
4590,Lindsay,"Lindsay, 370 Kent Street W.",http://www.thebeerstore.ca/locations/lindsay
4104,Listowel,"Listowel, 850 Wallace Avenue N.",http://www.thebeerstore.ca/locations/listowel
3641,Little Current,"Little Current, 53 Meredith Street East",http://www.thebeerstore.ca/locations/little-current-0
3612,Lively,"Lively, 8th Ave & Main St.",http://www.thebeerstore.ca/locations/lively
3640,Lively,"Sudbury Distribution Centre, 50 Vagnini Crt.",http://www.thebeerstore.ca/locations/sudbury-dc-0
3102,London,"Adelaide/Lorne, 514 Adelaide Street",http://www.thebeerstore.ca/locations/adelaidelorne
3111,London,"Baseline/Wellington, 712 Baseline Road E.",http://www.thebeerstore.ca/locations/baselinewellington
3106,London,"Clarke Road, 155 Clarke Road",http://www.thebeerstore.ca/locations/clarke-road
3105,London,"Dundas St. E., 1600 Dundas Street E.",http://www.thebeerstore.ca/locations/dundas-st-e
3103,London,"Hamilton/Sackville, 552 Hamilton Road",http://www.thebeerstore.ca/locations/hamiltonsackville
3112,London,"Huron/Adelaide, 1080 Adelaide St. North",http://www.thebeerstore.ca/locations/huronadelaide
3118,London,"Lambeth, Main Street Mall, 2386 Main Street",http://www.thebeerstore.ca/locations/lambeth
3140,London,"London Distribution Centre, 280 Sovereign Road",http://www.thebeerstore.ca/locations/london-dc-0
3114,London,"Medway (Wonderland Rd. N.), Sherwood Forest Mall, 1225 Wonderland Road N.",http://www.thebeerstore.ca/locations/medway-wonderland-rd-n
3108,London,"Oakridge Mall (Oxford St. W), Oakridge Mall, 1199 Oxford Street West",http://www.thebeerstore.ca/locations/oakridge-mall-oxford-st-w
3104,London,"Piccadilly St., 250 Piccadilly Street",http://www.thebeerstore.ca/locations/piccadilly-st
3117,London,"The Hyland Centre, The Hyland Centre, 1727 Richmond Street",http://www.thebeerstore.ca/locations/hyland-centre
3113,London,"Wellington Road, 1005 Wellington Road",http://www.thebeerstore.ca/locations/wellington-road
3110,London,"Westmount (Wonderland Rd.), 3069 Wonderland Road S.",http://www.thebeerstore.ca/locations/westmount-wonderland-rd
3107,London,"Wharncliffe Rd.s., 414 Wharncliffe Road South",http://www.thebeerstore.ca/locations/wharncliffe-rds
4304,Madoc,"Madoc, 46 Wellington St",http://www.thebeerstore.ca/locations/madoc
4623,Manotick,"Manotick, 1160 Beaverwood Road",http://www.thebeerstore.ca/locations/manotick
2378,Maple,"Dufferin And Major Mackenzie, Building F, 1470 Major Mackenzie Drive",http://www.thebeerstore.ca/locations/dufferin-and-major-mackenzie
3692,Marathon,"Marathon, 2 Ontario Street",http://www.thebeerstore.ca/locations/marathon-0
4105,Markdale,"Markdale, 33 Argyle Street",http://www.thebeerstore.ca/locations/markdale
2472,Markham,"Hwy #7, 5804 Hwy #7",http://www.thebeerstore.ca/locations/hwy-7
2483,Markham,"Markham Rd, 9780 Markham Rd.",http://www.thebeerstore.ca/locations/markham-rd16th-ave
2473,Markham,"Unionville, 4681 Hwy # 7",http://www.thebeerstore.ca/locations/unionville
4305,Marmora,"Marmora, 100 Forsythe Street",http://www.thebeerstore.ca/locations/marmora
3504,Mattawa,"Mattawa, 511 Valois Drive",http://www.thebeerstore.ca/locations/mattawa
3412,Meaford,"Meaford, 320 Sykes Street South",http://www.thebeerstore.ca/locations/meaford
3413,Midland,"Midland Ave., 291 Midland Ave.",http://www.thebeerstore.ca/locations/midland-ave
3443,Midland,"Midland, 9350 Highway #93.",http://www.thebeerstore.ca/locations/midland
2021,Milton,"Milton, 1015 Bronte Street South",http://www.thebeerstore.ca/locations/milton-1
2020,Milton,"Milton, 1071 Maple Ave.",http://www.thebeerstore.ca/locations/milton-0
2009,Milton,"Milton, 51 Millside Dr.",http://www.thebeerstore.ca/locations/milton
4558,Minden,"Minden, 12325 Highway 35",http://www.thebeerstore.ca/locations/minden
2323,Mississauga,"Applewood (N. Service Rd.), Applewood Plaza, 1079 North Service Rd",http://www.thebeerstore.ca/locations/applewood-n-service-rd
2324,Mississauga,"Bloor/Runningbrook, 1125 Bloor St. East",http://www.thebeerstore.ca/locations/bloorrunningbrook
2056,Mississauga,"Clarkson (Truscott Dr.), Park Royal Plaza, 2425 Truscott Dr.",http://www.thebeerstore.ca/locations/clarkson-truscott-dr
2322,Mississauga,"Cooksville, 3154 Hurontario Street",http://www.thebeerstore.ca/locations/cooksville
2326,Mississauga,"Dixie/Burnhamthorpe, Rockwood Mall, 4141 Dixie Road",http://www.thebeerstore.ca/locations/dixieburnhamthorpe
2057,Mississauga,"Dundas St.w.(Hwy 5), Woodchester Mall, 2458 Dundas St. W. (hwy #5)",http://www.thebeerstore.ca/locations/dundas-stwhwy-5
2325,Mississauga,"Erindale Station/Dundas, Westdale Mall, 3030 Erindale Station Road",http://www.thebeerstore.ca/locations/erindale-stationdundas
2060,Mississauga,"Heartland Mall, 5800 Mclaughlin Road",http://www.thebeerstore.ca/locations/heartland-mall
2012,Mississauga,"Malton (Westwood Mall), Westwood Mall, 3535 Etude Dr.",http://www.thebeerstore.ca/locations/malton-westwood-mall
2011,Mississauga,"Meadowvale, Meadowvale Town Centre, 6780 Town Centre Circle",http://www.thebeerstore.ca/locations/meadowvale
2333,Mississauga,"Mississauga - Dixie/Dundas, 1550 Dundas Street East",http://www.thebeerstore.ca/locations/mississauga-dixiedundas
2328,Mississauga,"Port Credit, 420 Lakeshore Road East",http://www.thebeerstore.ca/locations/port-credit
2015,Mississauga,"Sandalwood Square, Sandalwood Square, 50 Bristol Road E.",http://www.thebeerstore.ca/locations/sandalwood-square
2010,Mississauga,"Streetsville, 65 Queen St.n.",http://www.thebeerstore.ca/locations/streetsville
2059,Mississauga,"Winston Churchill/Eglinton, Building A, 2925 Eglinton Ave. W.",http://www.thebeerstore.ca/locations/winston-churchilleglinton
3206,Mitchell,"Mitchell, 215 St. George Street",http://www.thebeerstore.ca/locations/mitchell
4356,Morrisburg,"Morrisburg, Morrisburg Shopping Centre, 111 Main Street",http://www.thebeerstore.ca/locations/morrisburg
4106,Mount Forest,"Mount Forest, 429 Main Street North",http://www.thebeerstore.ca/locations/mount-forest
4306,Napanee,"Napanee, Napanee Mall, 450 Centre Street",http://www.thebeerstore.ca/locations/napanee
4620,Nepean,"Nepean, 3500 Fallowfield Road",http://www.thebeerstore.ca/locations/nepean
4163,New Hamburg,"New Hamburg, 112 Burns Street",http://www.thebeerstore.ca/locations/new-hamburg
3542,New Liskeard,"New Liskeard, 50 Jaffray Street",http://www.thebeerstore.ca/locations/new-liskeard-0
3414,Newmarket,"Davis/Leslie, 1100 Davis Drive",http://www.thebeerstore.ca/locations/davisleslie
3423,Newmarket,"Newmarket, 16715 Yonge Street",http://www.thebeerstore.ca/locations/newmarket
3415,Newmarket,"Yonge St. N., 17725 Yonge Street",http://www.thebeerstore.ca/locations/yonge-st-n-0
4208,Niagara Falls,"Bridge St., 4670 Bridge Street",http://www.thebeerstore.ca/locations/bridge-st
4209,Niagara Falls,"Lundy's Lane, 6757 Lundys Lane",http://www.thebeerstore.ca/locations/lundys-lane
4210,Niagara Falls,"Stamford (Portage Rd.), 3739 Portage Road N.",http://www.thebeerstore.ca/locations/stamford-portage-rd
3693,Nipigon,"Nipigon, 154 Railway Street",http://www.thebeerstore.ca/locations/nipigon
3505,Noelville,"Noelville, 142 St. David Street North",http://www.thebeerstore.ca/locations/noelville
3503,North Bay,"Cassells St., 2035 Cassells Street",http://www.thebeerstore.ca/locations/cassells-st
3502,North Bay,"Lakeshore Drive, Nipissing Plaza, 390 Lakeshore Drive",http://www.thebeerstore.ca/locations/lakeshore-drive
3540,North Bay,"North Bay, 1065 Main Street West",http://www.thebeerstore.ca/locations/north-bay
2379,North York,"Billy Bishop, 81 Billy Bishop Way",http://www.thebeerstore.ca/locations/billy-bishop
2454,North York,"Centrepoint (Yonge/Steeles), Centrepoint Mall, 6212 Yonge Street",http://www.thebeerstore.ca/locations/centrepoint-yongesteeles
2455,North York,"Don Mills Rd/Barber Green Rd, 900a Don Mills Road",http://www.thebeerstore.ca/locations/don-mills-rdbarber-green-rd
2369,North York,"Finchdale Plaza (Weston), Finchdale Plaza, 2568 Finch Avenue W.",http://www.thebeerstore.ca/locations/finchdale-plaza-weston
2372,North York,"Jane/Finch, Norfinch Plaza, 2005 Finch Ave. W.",http://www.thebeerstore.ca/locations/janefinch
2361,North York,"Keele/Wilson, Downsview Plaza, 1010 Wilson Avenue",http://www.thebeerstore.ca/locations/keelewilson
2467,North York,"Peanut Plaza (Don Mills Rd.), Peanut Plaza, 3078 Don Mills Rd",http://www.thebeerstore.ca/locations/peanut-plaza-don-mills-rd
2453,North York,"Sheppard/Willowdale, 179 Sheppard Avenue E.",http://www.thebeerstore.ca/locations/sheppardwillowdale
2356,North York,"Wilson/Jane (Dallner), North York Sheridan Mall, 1718 Wilson Avenue",http://www.thebeerstore.ca/locations/wilsonjane-dallner
4307,Northbrook,"Northbrook, 12334 Highway #41",http://www.thebeerstore.ca/locations/northbrook
3010,Norwich,"Norwich, 49 Stover St. South",http://www.thebeerstore.ca/locations/norwich
2058,Oakville,"Glen Abbey Plaza, Glen Abbey Plaza, 1500 Upper Middle Road",http://www.thebeerstore.ca/locations/glen-abbey-plaza
2090,Oakville,"Lakeshore Rd/Kerr St, 104 Lakeshore Road W.",http://www.thebeerstore.ca/locations/lakeshore-rdkerr-st
2054,Oakville,"Maple Grove, Maple Grove Plaza, 511 Maple Grove Dr.",http://www.thebeerstore.ca/locations/maple-grove
2053,Oakville,"Rebecca Street, Hopedale Mall, 1431 Rebecca St.",http://www.thebeerstore.ca/locations/rebecca-street
2061,Oakville,"Trafalgar And Dundas, 290 Hays Boulevard",http://www.thebeerstore.ca/locations/trafalgar-and-dundas
2055,Oakville,"Upper Middle Road, Upper Oakville Shopping Centre, 1011 Upper Middle Road",http://www.thebeerstore.ca/locations/upper-middle-road
4006,Orangeville,"Orangeville, 270 Broadway Street",http://www.thebeerstore.ca/locations/orangeville
3416,Orillia,"Muskoka Road, 426 Muskoka Road",http://www.thebeerstore.ca/locations/muskoka-road
3444,Orillia,"Orillia, 275 Atherly Road",http://www.thebeerstore.ca/locations/orillia
4626,Orleans,"10th Line, 2276 Tenth Line Road",http://www.thebeerstore.ca/locations/10th-line
4624,Orleans,"Convent Glen (Jeanne D'arc), Convent Glen Shopping Centre, 6485 Jeanne D Arc Blvd.",http://www.thebeerstore.ca/locations/convent-glen-jeanne-darc
2105,Oshawa,"King St. E., 650 King St. E.",http://www.thebeerstore.ca/locations/king-st-e
2103,Oshawa,"Midtown Drive, 150 Midtown Dr.",http://www.thebeerstore.ca/locations/midtown-drive
2101,Oshawa,"Ritson Road, 200 Ritson Road North Unit B",http://www.thebeerstore.ca/locations/ritson-road
2104,Oshawa,"Taunton Rd. E., Five Points Mall, 285 Taunton Road E.",http://www.thebeerstore.ca/locations/taunton-rd-e
2102,Oshawa,"Wentworth St. W., 257 Wentworth St. W.",http://www.thebeerstore.ca/locations/wentworth-st-w
4610,Ottawa,"2144 Carling Ave., 2144 Carling Avenue",http://www.thebeerstore.ca/locations/1845-carling-ave
4608,Ottawa,"900 Bank St., 900 Bank Street",http://www.thebeerstore.ca/locations/900-bank-st
4614,Ottawa,"Bells Corners (North Side Rd.), 82 North Side Road",http://www.thebeerstore.ca/locations/bells-corner-north-side-rd
4618,Ottawa,"Blair Place, 2018 Ogilvie Road",http://www.thebeerstore.ca/locations/blair-place
4629,Ottawa,"Carp Road, 1140 Carp Road",http://www.thebeerstore.ca/locations/carp-road
4603,Ottawa,"College Square, College Square, 1984 Baseline Road",http://www.thebeerstore.ca/locations/college-square
4617,Ottawa,"Elmvale(St. Laurent), 1910 St. Laurent Blvd.",http://www.thebeerstore.ca/locations/elmvalest-laurent
4615,Ottawa,"Merivale Rd., 1669 Merivale Road",http://www.thebeerstore.ca/locations/merivale-rd
4607,Ottawa,"Montreal Rd., 548 Montreal Road",http://www.thebeerstore.ca/locations/montreal-rd
4643,Ottawa,"Ottawa Distribution Centre, Hawthorne Business Park, 2750 Swansea Crescent",http://www.thebeerstore.ca/locations/ottawa-dc-0
4601,Ottawa,"Ottawa, 1860 Bank Street",http://www.thebeerstore.ca/locations/ottawa
4616,Ottawa,"Rideau/Waller, 209 Rideau Street",http://www.thebeerstore.ca/locations/rideauwaller
4606,Ottawa,"Scott Street, 1546 Scott Street",http://www.thebeerstore.ca/locations/scott-street
4609,Ottawa,"Somerset St. W., 515 Somerset Street W.",http://www.thebeerstore.ca/locations/somerset-st-w
4604,Ottawa,"Vanier (Selkirk St.), Eastview Plaza, 7 Selkirk Street",http://www.thebeerstore.ca/locations/vanier-selkirk-st
4107,Owen Sound,"Owen Sound, 1155 First Avenue E.",http://www.thebeerstore.ca/locations/owen-sound
4115,Owen Sound,"Owen Sound, 965 10th Street West",http://www.thebeerstore.ca/locations/owen-sound-0
3007,Paris,"Paris, 28 Silver St.",http://www.thebeerstore.ca/locations/paris
3543,Parry Sound,"Parry Sound, 17 William Street",http://www.thebeerstore.ca/locations/parry-sound-0
4217,Pelham (fonthill),"Pelham (Fonthill), Fonthill Shopping Centre, 20 Highway #20 East",http://www.thebeerstore.ca/locations/pelham-fonthill
4690,Pembroke,"Pembroke Dc (Nelson St), 311 Nelson Street",http://www.thebeerstore.ca/locations/pembroke-dc-nelson-st
3417,Penetang,"Penetang, 15 Main St.",http://www.thebeerstore.ca/locations/penetang
4628,Perth,"Perth, 100 Wilson Street W.",http://www.thebeerstore.ca/locations/perth
4654,Petawawa,"Petawawa, 3 Renfrew St.",http://www.thebeerstore.ca/locations/petawawa
4710,Peterborough,"Lansdowne, 1900 Lansdowne St W",http://www.thebeerstore.ca/locations/lansdowne
4701,Peterborough,"Lansdowne/Monaghan, Lansdowne Place Mall, 570 Lansdowne St. West",http://www.thebeerstore.ca/locations/lansdownemonaghan
4702,Peterborough,"Market Plaza, Market Plaza, 139 George Street N.",http://www.thebeerstore.ca/locations/market-plaza
4703,Peterborough,"Portage Place, Portage Place, 1154 Chemong Road",http://www.thebeerstore.ca/locations/portage-place
3157,Petrolia,"Petrolia, 4355 Petrolia Street E.",http://www.thebeerstore.ca/locations/petrolia
2474,Pickering,"Kingston Road, Pickering Town Centre, 1355 Kingston Road",http://www.thebeerstore.ca/locations/liverpool-road
2478,Pickering,"Kingston/Whites, 705 Kingston Road",http://www.thebeerstore.ca/locations/kingstonwhites
4308,Picton,"Picton, 412 Picton Main St.",http://www.thebeerstore.ca/locations/picton
4218,Port Colborne,"Port Colborne, 420 Catharine Street",http://www.thebeerstore.ca/locations/port-colborne
3008,Port Dover,"Port Dover, 120 Andrew Street",http://www.thebeerstore.ca/locations/port-dover
4108,Port Elgin,"Port Elgin, 355 Goderich Street",http://www.thebeerstore.ca/locations/port-elgin
2108,Port Hope,"Port Hope, 55 Peter St.",http://www.thebeerstore.ca/locations/port-hope
2109,Port Perry,"Port Perry, 677 Queen Street",http://www.thebeerstore.ca/locations/port-perry
3009,Port Rowan,"Port Rowan, College & Ferris Streets, 22 College Road",http://www.thebeerstore.ca/locations/port-rowan
3506,Powassan,"Powassan, 760 Main Street",http://www.thebeerstore.ca/locations/powassan
4358,Prescott,"Prescott, 970 Edward Street",http://www.thebeerstore.ca/locations/prescott
3494,Red Lake,"Red Lake, 35 Birks Drive",http://www.thebeerstore.ca/locations/red-lake-0
4655,Renfrew,"Renfrew, 252 Veterans Memorial Blvd.",http://www.thebeerstore.ca/locations/renfrew
2485,Richmond Hill,"Oak Ridges, 13469 Yonge Street",http://www.thebeerstore.ca/locations/oak-ridges
2475,Richmond Hill,"Yonge St. N., 10375 Yonge Street N.",http://www.thebeerstore.ca/locations/yonge-st-n
2481,Richmond Hill,"Yonge/High Tech, 8825 Yonge St.",http://www.thebeerstore.ca/locations/yongehigh-tech
3056,Ridgetown,"Ridgetown, 90 Erie St S. & #17 Hwy.",http://www.thebeerstore.ca/locations/ridgetown
4219,Ridgeway,"Ridgeway, 265 Ridge Road",http://www.thebeerstore.ca/locations/ridgeway
4625,Rockland,"Rockland, 2729 Laurier Street",http://www.thebeerstore.ca/locations/rockland
3057,Rodney,"Rodney, 167 Queen Street",http://www.thebeerstore.ca/locations/rodney
3151,Sarnia,"Confederation St., 1107 Confederation St.",http://www.thebeerstore.ca/locations/confederation-st
3153,Sarnia,"Lambton Mall (London Rd.), Lambton Mall, 1380 London Road",http://www.thebeerstore.ca/locations/lambton-mall-london-rd
3152,Sarnia,"Maxwell St., 210 Maxwell Street",http://www.thebeerstore.ca/locations/maxwell-st
4109,Sauble Beach,"Sauble Beach, 704 Main Street",http://www.thebeerstore.ca/locations/sauble-beach
3551,Sault Ste. Marie,"Bruce St., 250 Bruce Street",http://www.thebeerstore.ca/locations/bruce-st
3553,Sault Ste. Marie,"Churchill Blvd., Churchill Plaza, 150 Churchill Blvd.",http://www.thebeerstore.ca/locations/churchill-blvd
3554,Sault Ste. Marie,"Great Northern Rd., 486 Great Northern Road",http://www.thebeerstore.ca/locations/great-northern-rd
3552,Sault Ste. Marie,"Market Mall (2nd Line), Market Mall, 275 2nd Line",http://www.thebeerstore.ca/locations/market-mall-2nd-line
3590,Sault Ste. Marie,"Sault Ste Marie Dc (Bruce St), 250 Bruce Street",http://www.thebeerstore.ca/locations/sault-ste-marie-dc-bruce-st-0
2409,Scarborough,"Brimley/Eglinton, 2727 Eglinton Avenue E",http://www.thebeerstore.ca/locations/brimleyeglinton
2460,Scarborough,"Cedarbrae (Lawrence/Markham), Cedarbrae Mall, 3561 Lawrence Avenue E.",http://www.thebeerstore.ca/locations/cedarbrae-lawrencemarkham
2418,Scarborough,"Eglinton/Markham, 3205 Eglinton Avenue E.",http://www.thebeerstore.ca/locations/eglintonmarkham
2457,Scarborough,"Ellesmere/Victoria Park, 40 Ellesmere Road",http://www.thebeerstore.ca/locations/ellesmerevictoria-park
2471,Scarborough,"Finch/Mccowan (Sandhurst), 1001 Sandhurst Circle",http://www.thebeerstore.ca/locations/finchmccowan-sandhurst
2421,Scarborough,"Henley Gardens, Henley Gardens, 1089 Kingston Road",http://www.thebeerstore.ca/locations/henley-gardens
2466,Scarborough,"Kennedy/Sheppard, Agincourt Mall, 2360 Kennedy Road",http://www.thebeerstore.ca/locations/kennedysheppard
2456,Scarborough,"Kingston Rd/Morningside, 4479 Kingston Road, Unit 1",http://www.thebeerstore.ca/locations/kingston-rdmorningside
2459,Scarborough,"Lawrence/Kennedy, White Shield Plaza, 2300 Lawrence Avenue E.",http://www.thebeerstore.ca/locations/lawrencekennedy
2469,Scarborough,"Lawrence/Port Union, Centennial Mall, 5544 Lawrence Avenue E.",http://www.thebeerstore.ca/locations/lawrenceport-union
2405,Scarborough,"Macey/Danforth, 3130 Danforth Avenue",http://www.thebeerstore.ca/locations/maceydanforth
2486,Scarborough,"Milner & Morningside, 871 Milner Ave",http://www.thebeerstore.ca/locations/milner-morningside
2464,Scarborough,"Nielson/Ellesmere, Centenary Plaza, 2866 Ellesmere Road",http://www.thebeerstore.ca/locations/nielsonellesmere
2416,Scarborough,"St. Clair/Birchmount, 3431 St. Clair Avenue E.",http://www.thebeerstore.ca/locations/st-clairbirchmount
2470,Scarborough,"Victoria Park/Finch, Village Square, 2934 Finch Ave. East",http://www.thebeerstore.ca/locations/victoria-parkfinch
2412,Scarborough,"Victoria Pk/Eglinton, 1437 Victoria Park",http://www.thebeerstore.ca/locations/victoria-pkeglinton
3427,Schomberg,"Schomberg, Brownsville Junction, 17250 Highway #27",http://www.thebeerstore.ca/locations/schomberg
4311,Sharbot Lake,"Sharbot Lake, 24585b Highway 7",http://www.thebeerstore.ca/locations/sharbot-lake
4110,Shelburne,"Hwy #89 & 124, 802 Main Street East",http://www.thebeerstore.ca/locations/hwy-10-24
3041,Simcoe,"Simcoe, 84 Water Street",http://www.thebeerstore.ca/locations/simcoe
3495,Sioux Lookout,"Sioux Lookout, 41 Front Street",http://www.thebeerstore.ca/locations/sioux-lookout-0
4642,Smiths Falls,"Smiths Falls, 75 Lombard Street",http://www.thebeerstore.ca/locations/smiths-falls
4220,Smithville,"Smithville, Village Square Mall, 249 St. Catharine Street",http://www.thebeerstore.ca/locations/smithville
3703,South Porcupine,"South Porcupine, 4145 Harold Avenue",http://www.thebeerstore.ca/locations/south-porcupine
3507,South River,"South River, 310 Highway #11",http://www.thebeerstore.ca/locations/south-river
4111,Southampton,"Southampton, 330 Railway Street",http://www.thebeerstore.ca/locations/southampton
4201,St. Catharines,"Dieppe Road, 99 Dieppe Road",http://www.thebeerstore.ca/locations/dieppe-road
4204,St. Catharines,"Lakeport, Port Plaza, 150 Lakeport Road",http://www.thebeerstore.ca/locations/lakeport
4206,St. Catharines,"Scott St., 446 Scott Street",http://www.thebeerstore.ca/locations/scott-st
4203,St. Catharines,"Tremont Square, Tremont Square, 2 D Tremont Drive",http://www.thebeerstore.ca/locations/tremont-square
4205,St. Catharines,"Welland Avenue, 104 Welland Avenue",http://www.thebeerstore.ca/locations/welland-avenue
3208,St. Marys,"St. Marys, 571 Queen St. W.",http://www.thebeerstore.ca/locations/st-marys
3139,St. Thomas,"St. Thomas, 1014 Talbot Street",http://www.thebeerstore.ca/locations/st-thomas
3422,Stayner,"Stayner, 7380 Hwy. 26",http://www.thebeerstore.ca/locations/stayner
4079,Stoney Creek,"Rymal And Upper Centennial, 2297 Rymal Road East Building A",http://www.thebeerstore.ca/locations/rymal-and-upper-centennial
4091,Stoney Creek,"Stoney Creek Dc, 414 Dewitt Road",http://www.thebeerstore.ca/locations/stoney-creek-dc-0
4073,Stoney Creek,"Stoney Creek, 135 #8 Highway",http://www.thebeerstore.ca/locations/stoney-creek
2476,Stouffville,"Stouffville, 5892 Main Street West",http://www.thebeerstore.ca/locations/stouffville
3240,Stratford,"Stratford, 429 Huron Street",http://www.thebeerstore.ca/locations/stratford
3202,Stratford,"Stratford, Stratford Mall, 260 C.h. Meier Blvd",http://www.thebeerstore.ca/locations/ontario-st
3116,Strathroy,"Strathroy, 112 Metcalfe Street W.",http://www.thebeerstore.ca/locations/strathroy
3544,Sturgeon Falls,"Sturgeon Falls, 100 Front Street",http://www.thebeerstore.ca/locations/sturgeon-falls
3601,Sudbury,"Lorne St., 42 Lorne Street",http://www.thebeerstore.ca/locations/lorne-st
3603,Sudbury,"Notre Dame Ave., 891 Notre Dame Avenue",http://www.thebeerstore.ca/locations/notre-dame-ave
3604,Sudbury,"Paris St., 1889 Paris Street",http://www.thebeerstore.ca/locations/paris-st
3602,Sudbury,"Supermall, Supermall, 1485 Lasalle Blvd",http://www.thebeerstore.ca/locations/supermall
4591,Sutton West,"Sutton West, 20903 Dalton Road",http://www.thebeerstore.ca/locations/sutton-west
3268,Tecumseh,"Tecumseh, 12022 Tecumseh Road",http://www.thebeerstore.ca/locations/tecumseh
3159,Thedford,"Thedford, 121 Main Street",http://www.thebeerstore.ca/locations/thedford
4213,Thorold,"Thorold, 78 Ormond Street S.",http://www.thebeerstore.ca/locations/thorold
3655,Thunder Bay,"Edward St. N., Northwood Plaza, 417 Edward Street N.",http://www.thebeerstore.ca/locations/edward-st-n
3653,Thunder Bay,"Fort William Rd, 911 Fort William Road",http://www.thebeerstore.ca/locations/north-may-st
3656,Thunder Bay,"N. Cumberland, 212 N. Cumberland Street",http://www.thebeerstore.ca/locations/n-cumberland
3652,Thunder Bay,"Red River Road, 806 Red River Road",http://www.thebeerstore.ca/locations/red-river-road
3690,Thunder Bay,"Thunder Bay Distribution Centr, 184 Camelot Street",http://www.thebeerstore.ca/locations/thunder-bay-dc-camelot-st-0
3654,Thunder Bay,"West Gore St., 145 West Gore Street",http://www.thebeerstore.ca/locations/west-gore-st
3058,Tilbury,"Tilbury, 2 Queen Street South",http://www.thebeerstore.ca/locations/tilbury
3042,Tillsonburg,"Tillsonburg, 114 Concession Street E.",http://www.thebeerstore.ca/locations/tillsonburg
3702,Timmins,"Algonquin Blvd.w., 230 Algonquin Blvd. W.",http://www.thebeerstore.ca/locations/algonquin-blvdw
3740,Timmins,"Timmins Distribution Centre, 326 Knox Avenue",http://www.thebeerstore.ca/locations/timmins-0
2312,Toronto,"Bathurst/Dupont, 500 Dupont Street",http://www.thebeerstore.ca/locations/bathurstdupont
2452,Toronto,"Bayview/Roehampton, 609 Roehampton Avenue",http://www.thebeerstore.ca/locations/bayviewroehampton
2321,Toronto,"Bloor/Spadina, 720 Spadina Avenue",http://www.thebeerstore.ca/locations/bloorspadina
2305,Toronto,"Brock/Queen, 65 Brock Avenue",http://www.thebeerstore.ca/locations/brockqueen
2414,Toronto,"Church/Wellesley, 572 Church Street",http://www.thebeerstore.ca/locations/churchwellesley
2303,Toronto,"College/Bathurst, 452 Bathurst Street",http://www.thebeerstore.ca/locations/collegebathurst
2376,Toronto,"Crossroads, 2625a Weston Road",http://www.thebeerstore.ca/locations/crossroads
2431,Toronto,"Distillery District, Distillery District, 41 Mill Street",http://www.thebeerstore.ca/locations/distillery-district
2484,Toronto,"Don Mills / Eglinton, 825 Don Mills Road",http://www.thebeerstore.ca/locations/don-mills-eglinton
2311,Toronto,"Dufferin Mall Bloor/Dufferin, Dufferin Mall, 904 Dufferin Street",http://www.thebeerstore.ca/locations/dufferin-mall-bloordufferin
2319,Toronto,"Dundas/Lakeview, 1200 Dundas Street W.",http://www.thebeerstore.ca/locations/dundaslakeview
2306,Toronto,"Dundas/Roncesvalles, 2135 Dundas Street W.",http://www.thebeerstore.ca/locations/dundasroncesvalles
2417,Toronto,"Gerrard/Logan, 800 Gerrard Street E.",http://www.thebeerstore.ca/locations/gerrardlogan
2419,Toronto,"Gerrard/Seaton, 227 Gerrard Street E.",http://www.thebeerstore.ca/locations/gerrardseaton
2415,Toronto,"Leaside Village, 89 Laird Drive",http://www.thebeerstore.ca/locations/leaside-village
2377,Toronto,"Liberty Village, 120 Lynn Williams Street",http://www.thebeerstore.ca/locations/liberty-village
2413,Toronto,"Parliament/Winchestr, 534 Parliament Street",http://www.thebeerstore.ca/locations/parliamentwinchestr
2408,Toronto,"Price Street, 10 Price Street",http://www.thebeerstore.ca/locations/price-street
2302,Toronto,"Queen/Euclid, 761 Queen Street W.",http://www.thebeerstore.ca/locations/queeneuclid
2420,Toronto,"Queen/Leslie Grove, 1285 Queen St. East",http://www.thebeerstore.ca/locations/queenleslie-grove
2410,Toronto,"Queen/River, 28 River Street",http://www.thebeerstore.ca/locations/queenriver
2371,Toronto,"Stockyards, 2153 St. Clair Avenue",http://www.thebeerstore.ca/locations/stockyards
2318,Toronto,"Symington/Dupont, 323 Symington Avenue",http://www.thebeerstore.ca/locations/symingtondupont
2330,Toronto,"Toronto (Queens Quay), 350 Queens Quay West",http://www.thebeerstore.ca/locations/toronto-queens-quay
2432,Toronto,"Yonge/Dundas, 10 Dundas St. E.  Suite B-1",http://www.thebeerstore.ca/locations/yongedundas
3419,Tottenham,"Tottenham, 55 Queen Street",http://www.thebeerstore.ca/locations/tottenham
4309,Trenton,"Trenton, 49 Byron Street",http://www.thebeerstore.ca/locations/trenton
4310,Tweed,"Tweed, 58b Victoria St. N.",http://www.thebeerstore.ca/locations/tweed
2110,Uxbridge,"Uxbridge, 178 Main Street N.",http://www.thebeerstore.ca/locations/uxbridge
2375,Vaughan,"Centre St/Bathurst, Promenade Mall, 1118 Centre Street",http://www.thebeerstore.ca/locations/centre-stbathurst
2374,Vaughan,"Maple, 9771 Jane Street",http://www.thebeerstore.ca/locations/maple
4112,Walkerton,"Walkerton, 430 Durham Street",http://www.thebeerstore.ca/locations/walkerton
3059,Wallaceburg,"Wallaceburg, County Fair Mall, 64 Mcnaughton Street",http://www.thebeerstore.ca/locations/wallaceburg
3420,Wasaga Beach,"Wasaga Beach, Mosely & Second Streets, 100 Mosely Street",http://www.thebeerstore.ca/locations/wasaga-beach
4074,Waterdown,"Waterdown, 70 Hamilton Street N.",http://www.thebeerstore.ca/locations/waterdown
4169,Waterloo,"Erb/Ira Needles, 659 Erb Street West",http://www.thebeerstore.ca/locations/erbira-needles
4170,Waterloo,"King Street North, 624 King Street North",http://www.thebeerstore.ca/locations/king-street-north
4165,Waterloo,"Parkdale(Albert), 462 Albert Street",http://www.thebeerstore.ca/locations/parkdalealbert
4164,Waterloo,"Weber St., 70 Weber Street N.",http://www.thebeerstore.ca/locations/weber-st
3593,Wawa,"Wawa, 156 Mission Road",http://www.thebeerstore.ca/locations/wawa-0
4214,Welland,"Lincoln St. E., Lincoln Plaza, 390 Lincoln St. East",http://www.thebeerstore.ca/locations/lincoln-st-e
4215,Welland,"Thorold Rd. E., 23 Thorold Road E.",http://www.thebeerstore.ca/locations/thorold-rd-e
4509,Westport,"Westport, Bedford & Mountain Roads, 77 Bedford Street",http://www.thebeerstore.ca/locations/westport
2111,Whitby,"301 Dundas St. E., 301 Dundas Street E.",http://www.thebeerstore.ca/locations/301-dundas-st-e
2114,Whitby,"Brock St. N., 3950 Brock St. N.",http://www.thebeerstore.ca/locations/brock-st-n
2116,Whitby,"Brooklin, Bldg M, 5929 Baldwin Street South",http://www.thebeerstore.ca/locations/brooklin
2112,Whitby,"Kendalwood, Kendalwood Plaza, 1801 Dundas Street East",http://www.thebeerstore.ca/locations/kendalwood
2142,Whitby,"Whitby Distribution Centre, 1655 Tricont Ave.",http://www.thebeerstore.ca/locations/whitby-dc-tricont-ave
4113,Wiarton,"Wiarton, 690 Berford Street",http://www.thebeerstore.ca/locations/wiarton
3262,Windsor,"1050 Walker Road, 1050 Walker Road",http://www.thebeerstore.ca/locations/1050-walker-road
3254,Windsor,"College/Campbell, 1780 College Avenue",http://www.thebeerstore.ca/locations/collegecampbell
3256,Windsor,"Gateway Plaza (Dougall Rd.), Gateway Plaza, 3240 Dougall Road",http://www.thebeerstore.ca/locations/gateway-plaza-dougall-rd
3253,Windsor,"Goyeau @ Elliott Street, 790 Goyeau Street",http://www.thebeerstore.ca/locations/goyeau-elliott-street
3260,Windsor,"Huron Church/Malden, 1818 Huron Church Road",http://www.thebeerstore.ca/locations/huron-churchmalden
3255,Windsor,"Jefferson/Tecumseh, 2451 Jefferson Blvd.",http://www.thebeerstore.ca/locations/jeffersontecumseh
3252,Windsor,"Riverside (Wyandotte E.), 5455 Wyandotte St. E.",http://www.thebeerstore.ca/locations/riverside-wyandotte-e
3258,Windsor,"Tecumseh/Lauzon, 8150 Tecumseh Blvd. E.",http://www.thebeerstore.ca/locations/tecumsehlauzon
3251,Windsor,"Walker Rd/Ypres, 2380 Walker Road",http://www.thebeerstore.ca/locations/walker-rdypres
4114,Wingham,"Wingham, 482 Josephine Street",http://www.thebeerstore.ca/locations/wingham
2013,Woodbridge,"Woodbridge(Islington/Hwy #7), 7676 Islington Ave. N.",http://www.thebeerstore.ca/locations/woodbridgeislingtonhwy-7
2018,Woodbridge,"Woodbridge, 7850 Weston Road",http://www.thebeerstore.ca/locations/woodbridge
3209,Woodstock,"Dundas St. E., 911 Dundas Street",http://www.thebeerstore.ca/locations/dundas-st-e-0
3241,Woodstock,"Woodstock, 86 Beale Street",http://www.thebeerstore.ca/locations/woodstock
2314,York,"Dundas/Jane, 3524 Dundas Street W.",http://www.thebeerstore.ca/locations/dundasjane
2353,York,"Keele/Lavender, 1515 Keele Street",http://www.thebeerstore.ca/locations/keelelavender
2354,York,"Oakwood/Vaughan, 529 Oakwood Avenue",http://www.thebeerstore.ca/locations/oakwoodvaughan
